Mountpoint,Date(day),Daily Online Minute,Daily Online Percentage,Daily Offline Minute,Daily Offline Percentage,Offline Records
2ANG,2026-02-06,543.0,99.82,1.0,0.18,0
2ANN,2026-02-06,543.0,99.82,1.0,0.18,0
2AUC,2026-02-06,543.0,99.82,1.0,0.18,0
2BAL,2026-02-06,543.0,99.82,1.0,0.18,0
2BAS,2026-02-06,543.0,99.82,1.0,0.18,0
2BIL,2026-02-06,543.0,99.82,1.0,0.18,0
2CAS,2026-02-06,543.0,99.82,1.0,0.18,0
2CHR,2026-02-06,543.0,99.82,1.0,0.18,0
2CIU,2026-02-06,543.0,99.82,1.0,0.18,0
2CLI,2026-02-06,543.0,99.82,1.0,0.18,0
2CUM,2026-02-06,540.0,99.26,4.0,0.74,1
2DUN,2026-02-06,543.0,99.82,1.0,0.18,0
2FIG,2026-02-06,543.0,99.82,1.0,0.18,0
2GAW,2026-02-06,543.0,99.82,1.0,0.18,0
2IMP,2026-02-06,543.0,99.82,1.0,0.18,0
2INV,2026-02-06,543.0,99.82,1.0,0.18,0
2KIR,2026-02-06,543.0,99.82,1.0,0.18,0
2LIA,2026-02-06,543.0,99.82,1.0,0.18,0
2NER,2026-02-06,543.0,99.82,1.0,0.18,0
2OBA,2026-02-06,539.0,99.08,5.0,0.92,2
2PIM,2026-02-06,543.0,99.82,1.0,0.18,0
2SAL,2026-02-06,543.0,99.82,1.0,0.18,0
2TER,2026-02-06,543.0,99.82,1.0,0.18,0
2UBE,2026-02-06,519.0,95.4,25.0,4.6,1
2VIE,2026-02-06,543.0,99.82,1.0,0.18,0
2WOR,2026-02-06,543.0,99.82,1.0,0.18,0
FRAG,2026-02-06,543.0,99.82,1.0,0.18,0
FRAV,2026-02-06,543.0,99.82,1.0,0.18,0
FRBA,2026-02-06,543.0,99.82,1.0,0.18,0
FRBO,2026-02-06,543.0,99.82,1.0,0.18,0
FRBR,2026-02-06,0.0,0.0,544.0,100.0,0
FRCA,2026-02-06,543.0,99.82,1.0,0.18,0
FRCD,2026-02-06,543.0,99.82,1.0,0.18,0
FRCH,2026-02-06,543.0,99.82,1.0,0.18,0
FRCP,2026-02-06,543.0,99.82,1.0,0.18,0
FRCT,2026-02-06,543.0,99.82,1.0,0.18,0
FRDM,2026-02-06,543.0,99.82,1.0,0.18,0
FRDO,2026-02-06,543.0,99.82,1.0,0.18,0
FRDR,2026-02-06,543.0,99.82,1.0,0.18,0
FRDY,2026-02-06,0.0,0.0,544.0,100.0,0
FRDZ,2026-02-06,543.0,99.82,1.0,0.18,0
FREB,2026-02-06,543.0,99.82,1.0,0.18,0
FRGU,2026-02-06,543.0,99.82,1.0,0.18,0
FRME,2026-02-06,543.0,99.82,1.0,0.18,0
FRMS,2026-02-06,543.0,99.82,1.0,0.18,0
FRMY,2026-02-06,543.0,99.82,1.0,0.18,0
FRMZ,2026-02-06,543.0,99.82,1.0,0.18,0
FRNE,2026-02-06,543.0,99.82,1.0,0.18,0
FRNU,2026-02-06,543.0,99.82,1.0,0.18,0
FRPA,2026-02-06,543.0,99.82,1.0,0.18,0
FRPE,2026-02-06,543.0,99.82,1.0,0.18,0
FRPL,2026-02-06,543.0,99.82,1.0,0.18,0
FRSI,2026-02-06,543.0,99.82,1.0,0.18,0
FRSL,2026-02-06,543.0,99.82,1.0,0.18,0
FRSN,2026-02-06,543.0,99.82,1.0,0.18,0
FRSU,2026-02-06,543.0,99.82,1.0,0.18,0
FRSV,2026-02-06,543.0,99.82,1.0,0.18,0
FRUN,2026-02-06,543.0,99.82,1.0,0.18,0
FRVL,2026-02-06,543.0,99.82,1.0,0.18,0
2ANG,2026-02-07,1440.0,100.0,0.0,0.0,0
2ANN,2026-02-07,1440.0,100.0,0.0,0.0,0
2AUC,2026-02-07,1437.0,99.79,3.0,0.21,1
2BAL,2026-02-07,1440.0,100.0,0.0,0.0,0
2BAS,2026-02-07,1440.0,100.0,0.0,0.0,0
2BIL,2026-02-07,1437.0,99.79,3.0,0.21,1
2CAS,2026-02-07,1437.0,99.79,3.0,0.21,1
2CHR,2026-02-07,1437.0,99.79,3.0,0.21,1
2CIU,2026-02-07,1417.0,98.4,23.0,1.6,1
2CLI,2026-02-07,1362.0,94.58,78.0,5.42,21
2CUM,2026-02-07,1403.0,97.43,37.0,2.57,1
2DUN,2026-02-07,1440.0,100.0,0.0,0.0,0
2FIG,2026-02-07,1440.0,100.0,0.0,0.0,0
2GAW,2026-02-07,1436.0,99.72,4.0,0.28,1
2IMP,2026-02-07,1440.0,100.0,0.0,0.0,0
2INV,2026-02-07,1431.0,99.38,9.0,0.62,2
2KIR,2026-02-07,1434.0,99.58,6.0,0.42,2
2LIA,2026-02-07,1440.0,100.0,0.0,0.0,0
2NER,2026-02-07,1440.0,100.0,0.0,0.0,0
2OBA,2026-02-07,1434.0,99.58,6.0,0.42,2
2PIM,2026-02-07,1440.0,100.0,0.0,0.0,0
2SAL,2026-02-07,1416.0,98.33,24.0,1.67,1
2TER,2026-02-07,1434.0,99.58,6.0,0.42,2
2UBE,2026-02-07,1397.0,97.01,43.0,2.99,1
2VIE,2026-02-07,1437.0,99.79,3.0,0.21,1
2WOR,2026-02-07,1411.0,97.99,29.0,2.01,7
FRAG,2026-02-07,1440.0,100.0,0.0,0.0,0
FRAV,2026-02-07,1440.0,100.0,0.0,0.0,0
FRBA,2026-02-07,1440.0,100.0,0.0,0.0,0
FRBO,2026-02-07,1440.0,100.0,0.0,0.0,0
FRBR,2026-02-07,0.0,0.0,1440.0,100.0,0
FRCA,2026-02-07,1440.0,100.0,0.0,0.0,0
FRCD,2026-02-07,1440.0,100.0,0.0,0.0,0
FRCH,2026-02-07,1440.0,100.0,0.0,0.0,0
FRCP,2026-02-07,1440.0,100.0,0.0,0.0,0
FRCT,2026-02-07,1440.0,100.0,0.0,0.0,0
FRDM,2026-02-07,1440.0,100.0,0.0,0.0,0
FRDO,2026-02-07,1440.0,100.0,0.0,0.0,0
FRDR,2026-02-07,1440.0,100.0,0.0,0.0,0
FRDY,2026-02-07,0.0,0.0,1440.0,100.0,0
FRDZ,2026-02-07,1440.0,100.0,0.0,0.0,0
FREB,2026-02-07,1440.0,100.0,0.0,0.0,0
FRGU,2026-02-07,1440.0,100.0,0.0,0.0,0
FRME,2026-02-07,1440.0,100.0,0.0,0.0,0
FRMS,2026-02-07,1440.0,100.0,0.0,0.0,0
FRMY,2026-02-07,1440.0,100.0,0.0,0.0,0
FRMZ,2026-02-07,1440.0,100.0,0.0,0.0,0
FRNE,2026-02-07,1440.0,100.0,0.0,0.0,0
FRNU,2026-02-07,1381.0,95.9,59.0,4.1,14
FRPA,2026-02-07,1440.0,100.0,0.0,0.0,0
FRPE,2026-02-07,1440.0,100.0,0.0,0.0,0
FRPL,2026-02-07,1438.0,99.86,2.0,0.14,1
FRSI,2026-02-07,1440.0,100.0,0.0,0.0,0
FRSL,2026-02-07,1440.0,100.0,0.0,0.0,0
FRSN,2026-02-07,1440.0,100.0,0.0,0.0,0
FRSU,2026-02-07,1440.0,100.0,0.0,0.0,0
FRSV,2026-02-07,1440.0,100.0,0.0,0.0,0
FRUN,2026-02-07,1440.0,100.0,0.0,0.0,0
FRVL,2026-02-07,1440.0,100.0,0.0,0.0,0
2ANG,2026-02-08,1440.0,100.0,0.0,0.0,0
2ANN,2026-02-08,1440.0,100.0,0.0,0.0,0
2AUC,2026-02-08,1440.0,100.0,0.0,0.0,0
2BAL,2026-02-08,1440.0,100.0,0.0,0.0,0
2BAS,2026-02-08,1440.0,100.0,0.0,0.0,0
2BIL,2026-02-08,1433.0,99.51,7.0,0.49,2
2CAS,2026-02-08,1437.0,99.79,3.0,0.21,1
2CHR,2026-02-08,1436.0,99.72,4.0,0.28,1
2CIU,2026-02-08,1440.0,100.0,0.0,0.0,0
2CLI,2026-02-08,1392.0,96.67,48.0,3.33,14
2CUM,2026-02-08,1409.0,97.85,31.0,2.15,2
2DUN,2026-02-08,1437.0,99.79,3.0,0.21,1
2FIG,2026-02-08,1440.0,100.0,0.0,0.0,0
2GAW,2026-02-08,1440.0,100.0,0.0,0.0,0
2IMP,2026-02-08,1440.0,100.0,0.0,0.0,0
2INV,2026-02-08,1440.0,100.0,0.0,0.0,0
2KIR,2026-02-08,1437.0,99.79,3.0,0.21,1
2LIA,2026-02-08,1440.0,100.0,0.0,0.0,0
2NER,2026-02-08,1434.0,99.58,6.0,0.42,2
2OBA,2026-02-08,1440.0,100.0,0.0,0.0,0
2PIM,2026-02-08,1440.0,100.0,0.0,0.0,0
2SAL,2026-02-08,1427.0,99.1,13.0,0.9,1
2TER,2026-02-08,1440.0,100.0,0.0,0.0,0
2UBE,2026-02-08,1413.0,98.12,27.0,1.88,1
2VIE,2026-02-08,1440.0,100.0,0.0,0.0,0
2WOR,2026-02-08,1430.0,99.31,10.0,0.69,4
FRAG,2026-02-08,1440.0,100.0,0.0,0.0,0
FRAV,2026-02-08,1440.0,100.0,0.0,0.0,0
FRBA,2026-02-08,1440.0,100.0,0.0,0.0,0
FRBO,2026-02-08,1440.0,100.0,0.0,0.0,0
FRBR,2026-02-08,0.0,0.0,1440.0,100.0,0
FRCA,2026-02-08,1440.0,100.0,0.0,0.0,0
FRCD,2026-02-08,1440.0,100.0,0.0,0.0,0
FRCH,2026-02-08,1440.0,100.0,0.0,0.0,0
FRCP,2026-02-08,1440.0,100.0,0.0,0.0,0
FRCT,2026-02-08,1440.0,100.0,0.0,0.0,0
FRDM,2026-02-08,1440.0,100.0,0.0,0.0,0
FRDO,2026-02-08,1440.0,100.0,0.0,0.0,0
FRDR,2026-02-08,1440.0,100.0,0.0,0.0,0
FRDY,2026-02-08,0.0,0.0,1440.0,100.0,0
FRDZ,2026-02-08,9.0,0.62,1431.0,99.38,1
FREB,2026-02-08,1440.0,100.0,0.0,0.0,0
FRGU,2026-02-08,108.0,7.5,1332.0,92.5,1
FRME,2026-02-08,1440.0,100.0,0.0,0.0,0
FRMS,2026-02-08,1440.0,100.0,0.0,0.0,0
FRMY,2026-02-08,1439.0,99.93,1.0,0.07,1
FRMZ,2026-02-08,1440.0,100.0,0.0,0.0,0
FRNE,2026-02-08,1440.0,100.0,0.0,0.0,0
FRNU,2026-02-08,1425.0,98.96,15.0,1.04,5
FRPA,2026-02-08,1440.0,100.0,0.0,0.0,0
FRPE,2026-02-08,1440.0,100.0,0.0,0.0,0
FRPL,2026-02-08,1437.0,99.79,3.0,0.21,1
FRSI,2026-02-08,1439.0,99.93,1.0,0.07,1
FRSL,2026-02-08,1440.0,100.0,0.0,0.0,0
FRSN,2026-02-08,1440.0,100.0,0.0,0.0,0
FRSU,2026-02-08,1440.0,100.0,0.0,0.0,0
FRSV,2026-02-08,1440.0,100.0,0.0,0.0,0
FRUN,2026-02-08,1440.0,100.0,0.0,0.0,0
FRVL,2026-02-08,1440.0,100.0,0.0,0.0,0
2ANG,2026-02-09,1432.0,99.44,8.0,0.56,2
2ANN,2026-02-09,1440.0,100.0,0.0,0.0,0
2AUC,2026-02-09,1437.0,99.79,3.0,0.21,1
2BAL,2026-02-09,1433.0,99.51,7.0,0.49,2
2BAS,2026-02-09,1440.0,100.0,0.0,0.0,0
2BIL,2026-02-09,1437.0,99.79,3.0,0.21,1
2CAS,2026-02-09,1430.0,99.31,10.0,0.69,3
2CHR,2026-02-09,1440.0,100.0,0.0,0.0,0
2CIU,2026-02-09,1395.0,96.88,45.0,3.12,3
2CLI,2026-02-09,1362.0,94.58,78.0,5.42,20
2CUM,2026-02-09,1390.0,96.53,50.0,3.47,1
2DUN,2026-02-09,1437.0,99.79,3.0,0.21,1
2FIG,2026-02-09,1440.0,100.0,0.0,0.0,0
2GAW,2026-02-09,1440.0,100.0,0.0,0.0,0
2IMP,2026-02-09,1433.0,99.51,7.0,0.49,2
2INV,2026-02-09,1425.0,98.96,15.0,1.04,3
2KIR,2026-02-09,1431.0,99.38,9.0,0.62,3
2LIA,2026-02-09,1437.0,99.79,3.0,0.21,1
2NER,2026-02-09,1440.0,100.0,0.0,0.0,0
2OBA,2026-02-09,1433.0,99.51,7.0,0.49,2
2PIM,2026-02-09,1437.0,99.79,3.0,0.21,1
2SAL,2026-02-09,1401.0,97.29,39.0,2.71,3
2TER,2026-02-09,1437.0,99.79,3.0,0.21,1
2UBE,2026-02-09,1378.0,95.69,62.0,4.31,3
2VIE,2026-02-09,1437.0,99.79,3.0,0.21,1
2WOR,2026-02-09,1433.0,99.51,7.0,0.49,2
FRAG,2026-02-09,1440.0,100.0,0.0,0.0,0
FRAV,2026-02-09,1440.0,100.0,0.0,0.0,0
FRBA,2026-02-09,1440.0,100.0,0.0,0.0,0
FRBO,2026-02-09,1440.0,100.0,0.0,0.0,0
FRBR,2026-02-09,0.0,0.0,1440.0,100.0,0
FRCA,2026-02-09,1440.0,100.0,0.0,0.0,0
FRCD,2026-02-09,1440.0,100.0,0.0,0.0,0
FRCH,2026-02-09,1440.0,100.0,0.0,0.0,0
FRCP,2026-02-09,1440.0,100.0,0.0,0.0,0
FRCT,2026-02-09,1440.0,100.0,0.0,0.0,0
FRDM,2026-02-09,1440.0,100.0,0.0,0.0,0
FRDO,2026-02-09,1440.0,100.0,0.0,0.0,0
FRDR,2026-02-09,1440.0,100.0,0.0,0.0,0
FRDY,2026-02-09,0.0,0.0,1440.0,100.0,0
FRDZ,2026-02-09,0.0,0.0,1440.0,100.0,0
FREB,2026-02-09,1440.0,100.0,0.0,0.0,0
FRGU,2026-02-09,0.0,0.0,1440.0,100.0,0
FRME,2026-02-09,1440.0,100.0,0.0,0.0,0
FRMS,2026-02-09,1440.0,100.0,0.0,0.0,0
FRMY,2026-02-09,1440.0,100.0,0.0,0.0,0
FRMZ,2026-02-09,1440.0,100.0,0.0,0.0,0
FRNE,2026-02-09,1440.0,100.0,0.0,0.0,0
FRNU,2026-02-09,1440.0,100.0,0.0,0.0,0
FRPA,2026-02-09,1431.0,99.38,9.0,0.62,1
FRPE,2026-02-09,1440.0,100.0,0.0,0.0,0
FRPL,2026-02-09,1435.0,99.65,5.0,0.35,2
FRSI,2026-02-09,1440.0,100.0,0.0,0.0,0
FRSL,2026-02-09,1440.0,100.0,0.0,0.0,0
FRSN,2026-02-09,1440.0,100.0,0.0,0.0,0
FRSU,2026-02-09,1440.0,100.0,0.0,0.0,0
FRSV,2026-02-09,1440.0,100.0,0.0,0.0,0
FRUN,2026-02-09,1440.0,100.0,0.0,0.0,0
FRVL,2026-02-09,1428.0,99.17,12.0,0.83,4
2ANG,2026-02-10,1434.0,99.58,6.0,0.42,2
2ANN,2026-02-10,1380.0,95.83,60.0,4.17,1
2AUC,2026-02-10,1440.0,100.0,0.0,0.0,0
2BAL,2026-02-10,1437.0,99.79,3.0,0.21,1
2BAS,2026-02-10,1394.0,96.81,46.0,3.19,1
2BIL,2026-02-10,1437.0,99.79,3.0,0.21,1
2CAS,2026-02-10,1440.0,100.0,0.0,0.0,0
2CHR,2026-02-10,1436.0,99.72,4.0,0.28,1
2CIU,2026-02-10,1365.0,94.79,75.0,5.21,2
2CLI,2026-02-10,1329.0,92.29,111.0,7.71,30
2CUM,2026-02-10,1329.0,92.29,111.0,7.71,3
2DUN,2026-02-10,1437.0,99.79,3.0,0.21,1
2FIG,2026-02-10,1402.0,97.36,38.0,2.64,1
2GAW,2026-02-10,1437.0,99.79,3.0,0.21,1
2IMP,2026-02-10,1408.0,97.78,32.0,2.22,3
2INV,2026-02-10,1437.0,99.79,3.0,0.21,1
2KIR,2026-02-10,1437.0,99.79,3.0,0.21,1
2LIA,2026-02-10,1440.0,100.0,0.0,0.0,0
2NER,2026-02-10,1440.0,100.0,0.0,0.0,0
2OBA,2026-02-10,1434.0,99.58,6.0,0.42,2
2PIM,2026-02-10,1437.0,99.79,3.0,0.21,2
2SAL,2026-02-10,1391.0,96.6,49.0,3.4,2
2TER,2026-02-10,1440.0,100.0,0.0,0.0,0
2UBE,2026-02-10,1327.0,92.15,113.0,7.85,1
2VIE,2026-02-10,1408.0,97.78,32.0,2.22,1
2WOR,2026-02-10,1412.0,98.06,28.0,1.94,7
FRAG,2026-02-10,1440.0,100.0,0.0,0.0,0
FRAV,2026-02-10,1440.0,100.0,0.0,0.0,0
FRBA,2026-02-10,1440.0,100.0,0.0,0.0,0
FRBO,2026-02-10,1440.0,100.0,0.0,0.0,0
FRBR,2026-02-10,0.0,0.0,1440.0,100.0,0
FRCA,2026-02-10,1440.0,100.0,0.0,0.0,0
FRCD,2026-02-10,1440.0,100.0,0.0,0.0,0
FRCH,2026-02-10,1440.0,100.0,0.0,0.0,0
FRCP,2026-02-10,1440.0,100.0,0.0,0.0,0
FRCT,2026-02-10,1440.0,100.0,0.0,0.0,0
FRDM,2026-02-10,1440.0,100.0,0.0,0.0,0
FRDO,2026-02-10,1440.0,100.0,0.0,0.0,0
FRDR,2026-02-10,1440.0,100.0,0.0,0.0,0
FRDY,2026-02-10,0.0,0.0,1440.0,100.0,0
FRDZ,2026-02-10,852.0,59.17,588.0,40.83,0
FREB,2026-02-10,1440.0,100.0,0.0,0.0,0
FRGU,2026-02-10,852.0,59.17,588.0,40.83,0
FRME,2026-02-10,1440.0,100.0,0.0,0.0,0
FRMS,2026-02-10,1440.0,100.0,0.0,0.0,0
FRMY,2026-02-10,1440.0,100.0,0.0,0.0,0
FRMZ,2026-02-10,1440.0,100.0,0.0,0.0,0
FRNE,2026-02-10,1440.0,100.0,0.0,0.0,0
FRNU,2026-02-10,1440.0,100.0,0.0,0.0,0
FRPA,2026-02-10,1440.0,100.0,0.0,0.0,0
FRPE,2026-02-10,1440.0,100.0,0.0,0.0,0
FRPL,2026-02-10,1437.0,99.79,3.0,0.21,1
FRSI,2026-02-10,1440.0,100.0,0.0,0.0,0
FRSL,2026-02-10,1440.0,100.0,0.0,0.0,0
FRSN,2026-02-10,1440.0,100.0,0.0,0.0,0
FRSU,2026-02-10,1437.0,99.79,3.0,0.21,1
FRSV,2026-02-10,1440.0,100.0,0.0,0.0,0
FRUN,2026-02-10,1440.0,100.0,0.0,0.0,0
FRVL,2026-02-10,1437.0,99.79,3.0,0.21,1
2ANG,2026-02-11,1440.0,100.0,0.0,0.0,0
2ANN,2026-02-11,1440.0,100.0,0.0,0.0,0
2AUC,2026-02-11,1440.0,100.0,0.0,0.0,0
2BAL,2026-02-11,1440.0,100.0,0.0,0.0,0
2BAS,2026-02-11,1429.0,99.24,11.0,0.76,1
2BIL,2026-02-11,1434.0,99.58,6.0,0.42,2
2CAS,2026-02-11,1440.0,100.0,0.0,0.0,0
2CHR,2026-02-11,1437.0,99.79,3.0,0.21,1
2CIU,2026-02-11,1409.0,97.85,31.0,2.15,1
2CLI,2026-02-11,1338.0,92.92,102.0,7.08,26
2CUM,2026-02-11,1373.0,95.35,67.0,4.65,2
2DUN,2026-02-11,1440.0,100.0,0.0,0.0,0
2FIG,2026-02-11,1437.0,99.79,3.0,0.21,1
2GAW,2026-02-11,1437.0,99.79,3.0,0.21,1
2IMP,2026-02-11,1440.0,100.0,0.0,0.0,0
2INV,2026-02-11,1437.0,99.79,3.0,0.21,1
2KIR,2026-02-11,1440.0,100.0,0.0,0.0,0
2LIA,2026-02-11,1440.0,100.0,0.0,0.0,0
2NER,2026-02-11,1440.0,100.0,0.0,0.0,0
2OBA,2026-02-11,1428.0,99.17,12.0,0.83,4
2PIM,2026-02-11,1440.0,100.0,0.0,0.0,0
2SAL,2026-02-11,1415.0,98.26,25.0,1.74,1
2TER,2026-02-11,1434.0,99.58,6.0,0.42,2
2UBE,2026-02-11,1387.0,96.32,53.0,3.68,2
2VIE,2026-02-11,1440.0,100.0,0.0,0.0,0
2WOR,2026-02-11,1406.0,97.64,34.0,2.36,7
FRAG,2026-02-11,1440.0,100.0,0.0,0.0,0
FRAV,2026-02-11,1422.0,98.75,18.0,1.25,4
FRBA,2026-02-11,1439.0,99.93,1.0,0.07,1
FRBO,2026-02-11,1440.0,100.0,0.0,0.0,0
FRBR,2026-02-11,0.0,0.0,1440.0,100.0,0
FRCA,2026-02-11,1440.0,100.0,0.0,0.0,0
FRCD,2026-02-11,1440.0,100.0,0.0,0.0,0
FRCH,2026-02-11,1440.0,100.0,0.0,0.0,0
FRCP,2026-02-11,1440.0,100.0,0.0,0.0,0
FRCT,2026-02-11,1433.0,99.51,7.0,0.49,1
FRDM,2026-02-11,1437.0,99.79,3.0,0.21,1
FRDO,2026-02-11,1440.0,100.0,0.0,0.0,0
FRDR,2026-02-11,1431.0,99.38,9.0,0.62,2
FRDY,2026-02-11,0.0,0.0,1440.0,100.0,0
FRDZ,2026-02-11,1440.0,100.0,0.0,0.0,0
FREB,2026-02-11,1440.0,100.0,0.0,0.0,0
FRGU,2026-02-11,1440.0,100.0,0.0,0.0,0
FRME,2026-02-11,1437.0,99.79,3.0,0.21,1
FRMS,2026-02-11,1440.0,100.0,0.0,0.0,0
FRMY,2026-02-11,1440.0,100.0,0.0,0.0,0
FRMZ,2026-02-11,1440.0,100.0,0.0,0.0,0
FRNE,2026-02-11,1440.0,100.0,0.0,0.0,0
FRNU,2026-02-11,1440.0,100.0,0.0,0.0,0
FRPA,2026-02-11,1426.0,99.03,14.0,0.97,2
FRPE,2026-02-11,1440.0,100.0,0.0,0.0,0
FRPL,2026-02-11,1437.0,99.79,3.0,0.21,1
FRSI,2026-02-11,1440.0,100.0,0.0,0.0,0
FRSL,2026-02-11,1440.0,100.0,0.0,0.0,0
FRSN,2026-02-11,1440.0,100.0,0.0,0.0,0
FRSU,2026-02-11,1440.0,100.0,0.0,0.0,0
FRSV,2026-02-11,1440.0,100.0,0.0,0.0,0
FRUN,2026-02-11,1440.0,100.0,0.0,0.0,0
FRVL,2026-02-11,1440.0,100.0,0.0,0.0,0
2ANG,2026-02-12,1440.0,100.0,0.0,0.0,0
2ANN,2026-02-12,1437.0,99.79,3.0,0.21,1
2AUC,2026-02-12,1434.0,99.58,6.0,0.42,2
2BAL,2026-02-12,1440.0,100.0,0.0,0.0,0
2BAS,2026-02-12,1430.0,99.31,10.0,0.69,2
2BIL,2026-02-12,1440.0,100.0,0.0,0.0,0
2CAS,2026-02-12,1437.0,99.79,3.0,0.21,1
2CHR,2026-02-12,1440.0,100.0,0.0,0.0,0
2CIU,2026-02-12,1406.0,97.64,34.0,2.36,2
2CLI,2026-02-12,1349.0,93.68,91.0,6.32,26
2CUM,2026-02-12,1380.0,95.83,60.0,4.17,3
2DUN,2026-02-12,1437.0,99.79,3.0,0.21,1
2FIG,2026-02-12,1437.0,99.79,3.0,0.21,1
2GAW,2026-02-12,1437.0,99.79,3.0,0.21,1
2IMP,2026-02-12,1440.0,100.0,0.0,0.0,0
2INV,2026-02-12,1434.0,99.58,6.0,0.42,2
2KIR,2026-02-12,1431.0,99.38,9.0,0.62,3
2LIA,2026-02-12,1437.0,99.79,3.0,0.21,1
2NER,2026-02-12,1437.0,99.79,3.0,0.21,1
2OBA,2026-02-12,1437.0,99.79,3.0,0.21,1
2PIM,2026-02-12,1437.0,99.79,3.0,0.21,1
2SAL,2026-02-12,1401.0,97.29,39.0,2.71,3
2TER,2026-02-12,1434.0,99.58,6.0,0.42,2
2UBE,2026-02-12,1388.0,96.39,52.0,3.61,2
2VIE,2026-02-12,1440.0,100.0,0.0,0.0,0
2WOR,2026-02-12,1378.0,95.69,62.0,4.31,15
FRAG,2026-02-12,1389.0,96.46,51.0,3.54,13
FRAV,2026-02-12,1440.0,100.0,0.0,0.0,0
FRBA,2026-02-12,1089.0,75.62,351.0,24.38,2
FRBO,2026-02-12,1440.0,100.0,0.0,0.0,0
FRBR,2026-02-12,0.0,0.0,1440.0,100.0,0
FRCA,2026-02-12,1440.0,100.0,0.0,0.0,0
FRCD,2026-02-12,1434.0,99.58,6.0,0.42,1
FRCH,2026-02-12,1440.0,100.0,0.0,0.0,0
FRCP,2026-02-12,1164.0,80.83,276.0,19.17,3
FRCT,2026-02-12,1387.0,96.32,53.0,3.68,1
FRDM,2026-02-12,610.0,42.36,830.0,57.64,1
FRDO,2026-02-12,1440.0,100.0,0.0,0.0,0
FRDR,2026-02-12,1440.0,100.0,0.0,0.0,0
FRDY,2026-02-12,926.0,64.31,514.0,35.69,0
FRDZ,2026-02-12,1440.0,100.0,0.0,0.0,0
FREB,2026-02-12,1440.0,100.0,0.0,0.0,0
FRGU,2026-02-12,1440.0,100.0,0.0,0.0,0
FRME,2026-02-12,1440.0,100.0,0.0,0.0,0
FRMS,2026-02-12,1440.0,100.0,0.0,0.0,0
FRMY,2026-02-12,1437.0,99.79,3.0,0.21,1
FRMZ,2026-02-12,1440.0,100.0,0.0,0.0,0
FRNE,2026-02-12,1440.0,100.0,0.0,0.0,0
FRNU,2026-02-12,1440.0,100.0,0.0,0.0,0
FRPA,2026-02-12,1440.0,100.0,0.0,0.0,0
FRPE,2026-02-12,1440.0,100.0,0.0,0.0,0
FRPL,2026-02-12,1438.0,99.86,2.0,0.14,1
FRSI,2026-02-12,1440.0,100.0,0.0,0.0,0
FRSL,2026-02-12,1440.0,100.0,0.0,0.0,0
FRSN,2026-02-12,1440.0,100.0,0.0,0.0,0
FRSU,2026-02-12,1440.0,100.0,0.0,0.0,0
FRSV,2026-02-12,1440.0,100.0,0.0,0.0,0
FRUN,2026-02-12,1440.0,100.0,0.0,0.0,0
FRVL,2026-02-12,1437.0,99.79,3.0,0.21,1
2ANG,2026-02-13,1440.0,100.0,0.0,0.0,0
2ANN,2026-02-13,1440.0,100.0,0.0,0.0,0
2AUC,2026-02-13,1434.0,99.58,6.0,0.42,2
2BAL,2026-02-13,1440.0,100.0,0.0,0.0,0
2BAS,2026-02-13,1427.0,99.1,13.0,0.9,5
2BIL,2026-02-13,1440.0,100.0,0.0,0.0,0
2CAS,2026-02-13,1440.0,100.0,0.0,0.0,0
2CHR,2026-02-13,1429.0,99.24,11.0,0.76,2
2CIU,2026-02-13,1415.0,98.26,25.0,1.74,2
2CLI,2026-02-13,1326.0,92.08,114.0,7.92,28
2CUM,2026-02-13,1393.0,96.74,47.0,3.26,1
2DUN,2026-02-13,1437.0,99.79,3.0,0.21,1
2FIG,2026-02-13,1440.0,100.0,0.0,0.0,0
2GAW,2026-02-13,1440.0,100.0,0.0,0.0,0
2IMP,2026-02-13,1440.0,100.0,0.0,0.0,0
2INV,2026-02-13,1437.0,99.79,3.0,0.21,1
2KIR,2026-02-13,1440.0,100.0,0.0,0.0,0
2LIA,2026-02-13,1440.0,100.0,0.0,0.0,0
2NER,2026-02-13,1440.0,100.0,0.0,0.0,0
2OBA,2026-02-13,1440.0,100.0,0.0,0.0,0
2PIM,2026-02-13,1440.0,100.0,0.0,0.0,0
2SAL,2026-02-13,1416.0,98.33,24.0,1.67,1
2TER,2026-02-13,1431.0,99.38,9.0,0.62,3
2UBE,2026-02-13,1396.0,96.94,44.0,3.06,1
2VIE,2026-02-13,1434.0,99.58,6.0,0.42,2
2WOR,2026-02-13,1365.0,94.79,75.0,5.21,17
FRAG,2026-02-13,1440.0,100.0,0.0,0.0,0
FRAV,2026-02-13,1440.0,100.0,0.0,0.0,0
FRBA,2026-02-13,706.0,49.03,734.0,50.97,1
FRBO,2026-02-13,1440.0,100.0,0.0,0.0,0
FRBR,2026-02-13,0.0,0.0,1440.0,100.0,0
FRCA,2026-02-13,1440.0,100.0,0.0,0.0,0
FRCD,2026-02-13,1440.0,100.0,0.0,0.0,0
FRCH,2026-02-13,1437.0,99.79,3.0,0.21,1
FRCP,2026-02-13,1431.0,99.38,9.0,0.62,2
FRCT,2026-02-13,1268.0,88.06,172.0,11.94,0
FRDM,2026-02-13,0.0,0.0,1440.0,100.0,0
FRDO,2026-02-13,1440.0,100.0,0.0,0.0,0
FRDR,2026-02-13,1440.0,100.0,0.0,0.0,0
FRDY,2026-02-13,1440.0,100.0,0.0,0.0,0
FRDZ,2026-02-13,1440.0,100.0,0.0,0.0,0
FREB,2026-02-13,1440.0,100.0,0.0,0.0,0
FRGU,2026-02-13,1440.0,100.0,0.0,0.0,0
FRME,2026-02-13,1440.0,100.0,0.0,0.0,0
FRMS,2026-02-13,1440.0,100.0,0.0,0.0,0
FRMY,2026-02-13,1437.0,99.79,3.0,0.21,1
FRMZ,2026-02-13,1440.0,100.0,0.0,0.0,0
FRNE,2026-02-13,1440.0,100.0,0.0,0.0,0
FRNU,2026-02-13,1440.0,100.0,0.0,0.0,0
FRPA,2026-02-13,1440.0,100.0,0.0,0.0,0
FRPE,2026-02-13,1440.0,100.0,0.0,0.0,0
FRPL,2026-02-13,1437.0,99.79,3.0,0.21,1
FRSI,2026-02-13,1440.0,100.0,0.0,0.0,0
FRSL,2026-02-13,1440.0,100.0,0.0,0.0,0
FRSN,2026-02-13,1440.0,100.0,0.0,0.0,0
FRSU,2026-02-13,1440.0,100.0,0.0,0.0,0
FRSV,2026-02-13,1440.0,100.0,0.0,0.0,0
FRUN,2026-02-13,1440.0,100.0,0.0,0.0,0
FRVL,2026-02-13,1428.0,99.17,12.0,0.83,4
2ANG,2026-02-14,1440.0,100.0,0.0,0.0,0
2ANN,2026-02-14,1392.0,96.67,48.0,3.33,2
2AUC,2026-02-14,1434.0,99.58,6.0,0.42,2
2BAL,2026-02-14,1440.0,100.0,0.0,0.0,0
2BAS,2026-02-14,1384.0,96.11,56.0,3.89,1
2BIL,2026-02-14,1431.0,99.38,9.0,0.62,3
2CAS,2026-02-14,1437.0,99.79,3.0,0.21,1
2CHR,2026-02-14,1437.0,99.79,3.0,0.21,1
2CIU,2026-02-14,1396.0,96.94,44.0,3.06,1
2CLI,2026-02-14,1335.0,92.71,105.0,7.29,31
2CUM,2026-02-14,1345.0,93.4,95.0,6.6,3
2DUN,2026-02-14,1440.0,100.0,0.0,0.0,0
2FIG,2026-02-14,1389.0,96.46,51.0,3.54,1
2GAW,2026-02-14,1440.0,100.0,0.0,0.0,0
2IMP,2026-02-14,1409.0,97.85,31.0,2.15,1
2INV,2026-02-14,1440.0,100.0,0.0,0.0,0
2KIR,2026-02-14,1437.0,99.79,3.0,0.21,1
2LIA,2026-02-14,1440.0,100.0,0.0,0.0,0
2NER,2026-02-14,1437.0,99.79,3.0,0.21,1
2OBA,2026-02-14,1434.0,99.58,6.0,0.42,2
2PIM,2026-02-14,1335.0,92.71,105.0,7.29,1
2SAL,2026-02-14,1386.0,96.25,54.0,3.75,2
2TER,2026-02-14,1437.0,99.79,3.0,0.21,1
2UBE,2026-02-14,1338.0,92.92,102.0,7.08,2
2VIE,2026-02-14,1396.0,96.94,44.0,3.06,1
2WOR,2026-02-14,1437.0,99.79,3.0,0.21,1
FRAG,2026-02-14,1440.0,100.0,0.0,0.0,0
FRAV,2026-02-14,1440.0,100.0,0.0,0.0,0
FRBA,2026-02-14,1440.0,100.0,0.0,0.0,0
FRBO,2026-02-14,1440.0,100.0,0.0,0.0,0
FRBR,2026-02-14,0.0,0.0,1440.0,100.0,0
FRCA,2026-02-14,1440.0,100.0,0.0,0.0,0
FRCD,2026-02-14,1440.0,100.0,0.0,0.0,0
FRCH,2026-02-14,1440.0,100.0,0.0,0.0,0
FRCP,2026-02-14,1438.0,99.86,2.0,0.14,1
FRCT,2026-02-14,1437.0,99.79,3.0,0.21,1
FRDM,2026-02-14,0.0,0.0,1440.0,100.0,0
FRDO,2026-02-14,1440.0,100.0,0.0,0.0,0
FRDR,2026-02-14,1440.0,100.0,0.0,0.0,0
FRDY,2026-02-14,1440.0,100.0,0.0,0.0,0
FRDZ,2026-02-14,1440.0,100.0,0.0,0.0,0
FREB,2026-02-14,1440.0,100.0,0.0,0.0,0
FRGU,2026-02-14,1440.0,100.0,0.0,0.0,0
FRME,2026-02-14,1440.0,100.0,0.0,0.0,0
FRMS,2026-02-14,1440.0,100.0,0.0,0.0,0
FRMY,2026-02-14,1440.0,100.0,0.0,0.0,0
FRMZ,2026-02-14,1440.0,100.0,0.0,0.0,0
FRNE,2026-02-14,1440.0,100.0,0.0,0.0,0
FRNU,2026-02-14,1440.0,100.0,0.0,0.0,0
FRPA,2026-02-14,1440.0,100.0,0.0,0.0,0
FRPE,2026-02-14,1440.0,100.0,0.0,0.0,0
FRPL,2026-02-14,1436.0,99.72,4.0,0.28,1
FRSI,2026-02-14,1440.0,100.0,0.0,0.0,0
FRSL,2026-02-14,1440.0,100.0,0.0,0.0,0
FRSN,2026-02-14,1440.0,100.0,0.0,0.0,0
FRSU,2026-02-14,1440.0,100.0,0.0,0.0,0
FRSV,2026-02-14,1440.0,100.0,0.0,0.0,0
FRUN,2026-02-14,1440.0,100.0,0.0,0.0,0
FRVL,2026-02-14,1440.0,100.0,0.0,0.0,0
2ANG,2026-02-15,1434.0,99.58,6.0,0.42,1
2ANN,2026-02-15,1396.0,96.94,44.0,3.06,1
2AUC,2026-02-15,1440.0,100.0,0.0,0.0,0
2BAL,2026-02-15,1440.0,100.0,0.0,0.0,0
2BAS,2026-02-15,1440.0,100.0,0.0,0.0,0
2BIL,2026-02-15,1437.0,99.79,3.0,0.21,1
2CAS,2026-02-15,1440.0,100.0,0.0,0.0,0
2CHR,2026-02-15,1436.0,99.72,4.0,0.28,1
2CIU,2026-02-15,1402.0,97.36,38.0,2.64,3
2CLI,2026-02-15,1332.0,92.5,108.0,7.5,27
2CUM,2026-02-15,1393.0,96.74,47.0,3.26,1
2DUN,2026-02-15,1437.0,99.79,3.0,0.21,1
2FIG,2026-02-15,1438.0,99.86,2.0,0.14,1
2GAW,2026-02-15,1436.0,99.72,4.0,0.28,2
2IMP,2026-02-15,1432.0,99.44,8.0,0.56,2
2INV,2026-02-15,1437.0,99.79,3.0,0.21,1
2KIR,2026-02-15,1436.0,99.72,4.0,0.28,1
2LIA,2026-02-15,1440.0,100.0,0.0,0.0,0
2NER,2026-02-15,1440.0,100.0,0.0,0.0,0
2OBA,2026-02-15,1437.0,99.79,3.0,0.21,1
2PIM,2026-02-15,1440.0,100.0,0.0,0.0,0
2SAL,2026-02-15,1395.0,96.88,45.0,3.12,3
2TER,2026-02-15,1440.0,100.0,0.0,0.0,0
2UBE,2026-02-15,1335.0,92.71,105.0,7.29,1
2VIE,2026-02-15,1440.0,100.0,0.0,0.0,0
2WOR,2026-02-15,1427.0,99.1,13.0,0.9,4
FRAG,2026-02-15,1440.0,100.0,0.0,0.0,0
FRAV,2026-02-15,1440.0,100.0,0.0,0.0,0
FRBA,2026-02-15,1440.0,100.0,0.0,0.0,0
FRBO,2026-02-15,1440.0,100.0,0.0,0.0,0
FRBR,2026-02-15,0.0,0.0,1440.0,100.0,0
FRCA,2026-02-15,1440.0,100.0,0.0,0.0,0
FRCD,2026-02-15,1440.0,100.0,0.0,0.0,0
FRCH,2026-02-15,1440.0,100.0,0.0,0.0,0
FRCP,2026-02-15,1440.0,100.0,0.0,0.0,0
FRCT,2026-02-15,1440.0,100.0,0.0,0.0,0
FRDM,2026-02-15,0.0,0.0,1440.0,100.0,0
FRDO,2026-02-15,1440.0,100.0,0.0,0.0,0
FRDR,2026-02-15,1440.0,100.0,0.0,0.0,0
FRDY,2026-02-15,1440.0,100.0,0.0,0.0,0
FRDZ,2026-02-15,1440.0,100.0,0.0,0.0,0
FREB,2026-02-15,1440.0,100.0,0.0,0.0,0
FRGU,2026-02-15,1440.0,100.0,0.0,0.0,0
FRME,2026-02-15,1440.0,100.0,0.0,0.0,0
FRMS,2026-02-15,1440.0,100.0,0.0,0.0,0
FRMY,2026-02-15,1439.0,99.93,1.0,0.07,1
FRMZ,2026-02-15,1440.0,100.0,0.0,0.0,0
FRNE,2026-02-15,1440.0,100.0,0.0,0.0,0
FRNU,2026-02-15,1440.0,100.0,0.0,0.0,0
FRPA,2026-02-15,1440.0,100.0,0.0,0.0,0
FRPE,2026-02-15,1440.0,100.0,0.0,0.0,0
FRPL,2026-02-15,1437.0,99.79,3.0,0.21,1
FRSI,2026-02-15,1440.0,100.0,0.0,0.0,0
FRSL,2026-02-15,1440.0,100.0,0.0,0.0,0
FRSN,2026-02-15,1440.0,100.0,0.0,0.0,0
FRSU,2026-02-15,1440.0,100.0,0.0,0.0,0
FRSV,2026-02-15,1440.0,100.0,0.0,0.0,0
FRUN,2026-02-15,1439.0,99.93,1.0,0.07,1
FRVL,2026-02-15,1440.0,100.0,0.0,0.0,0
2ANG,2026-02-16,1440.0,100.0,0.0,0.0,0
2ANN,2026-02-16,1440.0,100.0,0.0,0.0,0
2AUC,2026-02-16,1437.0,99.79,3.0,0.21,1
2BAL,2026-02-16,1440.0,100.0,0.0,0.0,0
2BAS,2026-02-16,1440.0,100.0,0.0,0.0,0
2BIL,2026-02-16,1440.0,100.0,0.0,0.0,0
2CAS,2026-02-16,1440.0,100.0,0.0,0.0,0
2CHR,2026-02-16,1437.0,99.79,3.0,0.21,1
2CIU,2026-02-16,1440.0,100.0,0.0,0.0,0
2CLI,2026-02-16,1269.0,88.12,171.0,11.88,44
2CUM,2026-02-16,1440.0,100.0,0.0,0.0,0
2DUN,2026-02-16,1440.0,100.0,0.0,0.0,0
2FIG,2026-02-16,1440.0,100.0,0.0,0.0,0
2GAW,2026-02-16,1440.0,100.0,0.0,0.0,0
2IMP,2026-02-16,1437.0,99.79,3.0,0.21,1
2INV,2026-02-16,1440.0,100.0,0.0,0.0,0
2KIR,2026-02-16,1440.0,100.0,0.0,0.0,0
2LIA,2026-02-16,1436.0,99.72,4.0,0.28,1
2NER,2026-02-16,1440.0,100.0,0.0,0.0,0
2OBA,2026-02-16,1437.0,99.79,3.0,0.21,1
2PIM,2026-02-16,1440.0,100.0,0.0,0.0,0
2SAL,2026-02-16,1440.0,100.0,0.0,0.0,0
2TER,2026-02-16,1440.0,100.0,0.0,0.0,0
2UBE,2026-02-16,1440.0,100.0,0.0,0.0,0
2VIE,2026-02-16,1437.0,99.79,3.0,0.21,1
2WOR,2026-02-16,1425.0,98.96,15.0,1.04,5
FRAG,2026-02-16,1440.0,100.0,0.0,0.0,0
FRAV,2026-02-16,1440.0,100.0,0.0,0.0,0
FRBA,2026-02-16,1440.0,100.0,0.0,0.0,0
FRBO,2026-02-16,1440.0,100.0,0.0,0.0,0
FRBR,2026-02-16,0.0,0.0,1440.0,100.0,0
FRCA,2026-02-16,1440.0,100.0,0.0,0.0,0
FRCD,2026-02-16,1440.0,100.0,0.0,0.0,0
FRCH,2026-02-16,1440.0,100.0,0.0,0.0,0
FRCP,2026-02-16,1440.0,100.0,0.0,0.0,0
FRCT,2026-02-16,1440.0,100.0,0.0,0.0,0
FRDM,2026-02-16,776.0,53.89,664.0,46.11,0
FRDO,2026-02-16,1440.0,100.0,0.0,0.0,0
FRDR,2026-02-16,1440.0,100.0,0.0,0.0,0
FRDY,2026-02-16,1440.0,100.0,0.0,0.0,0
FRDZ,2026-02-16,1440.0,100.0,0.0,0.0,0
FREB,2026-02-16,1440.0,100.0,0.0,0.0,0
FRGU,2026-02-16,1440.0,100.0,0.0,0.0,0
FRME,2026-02-16,1440.0,100.0,0.0,0.0,0
FRMS,2026-02-16,1422.0,98.75,18.0,1.25,1
FRMY,2026-02-16,1440.0,100.0,0.0,0.0,0
FRMZ,2026-02-16,1440.0,100.0,0.0,0.0,0
FRNE,2026-02-16,1440.0,100.0,0.0,0.0,0
FRNU,2026-02-16,1438.0,99.86,2.0,0.14,2
FRPA,2026-02-16,1437.0,99.79,3.0,0.21,1
FRPE,2026-02-16,1440.0,100.0,0.0,0.0,0
FRPL,2026-02-16,1438.0,99.86,2.0,0.14,1
FRSI,2026-02-16,1440.0,100.0,0.0,0.0,0
FRSL,2026-02-16,1440.0,100.0,0.0,0.0,0
FRSN,2026-02-16,1404.0,97.5,36.0,2.5,2
FRSU,2026-02-16,1440.0,100.0,0.0,0.0,0
FRSV,2026-02-16,1440.0,100.0,0.0,0.0,0
FRUN,2026-02-16,1440.0,100.0,0.0,0.0,0
FRVL,2026-02-16,1428.0,99.17,12.0,0.83,4
2ANG,2026-02-17,1440.0,100.0,0.0,0.0,0
2ANN,2026-02-17,1419.0,98.54,21.0,1.46,2
2AUC,2026-02-17,1440.0,100.0,0.0,0.0,0
2BAL,2026-02-17,1440.0,100.0,0.0,0.0,0
2BAS,2026-02-17,1440.0,100.0,0.0,0.0,0
2BIL,2026-02-17,1437.0,99.79,3.0,0.21,1
2CAS,2026-02-17,1431.0,99.38,9.0,0.62,3
2CHR,2026-02-17,1440.0,100.0,0.0,0.0,0
2CIU,2026-02-17,1427.0,99.1,13.0,0.9,2
2CLI,2026-02-17,1293.0,89.79,147.0,10.21,38
2CUM,2026-02-17,1423.0,98.82,17.0,1.18,3
2DUN,2026-02-17,1440.0,100.0,0.0,0.0,0
2FIG,2026-02-17,1437.0,99.79,3.0,0.21,1
2GAW,2026-02-17,1431.0,99.38,9.0,0.62,3
2IMP,2026-02-17,1440.0,100.0,0.0,0.0,0
2INV,2026-02-17,1431.0,99.38,9.0,0.62,2
2KIR,2026-02-17,1440.0,100.0,0.0,0.0,0
2LIA,2026-02-17,1440.0,100.0,0.0,0.0,0
2NER,2026-02-17,1434.0,99.58,6.0,0.42,2
2OBA,2026-02-17,1434.0,99.58,6.0,0.42,2
2PIM,2026-02-17,1437.0,99.79,3.0,0.21,1
2SAL,2026-02-17,1427.0,99.1,13.0,0.9,1
2TER,2026-02-17,1437.0,99.79,3.0,0.21,1
2UBE,2026-02-17,1408.0,97.78,32.0,2.22,2
2VIE,2026-02-17,1440.0,100.0,0.0,0.0,0
2WOR,2026-02-17,1431.0,99.38,9.0,0.62,2
FRAG,2026-02-17,1440.0,100.0,0.0,0.0,0
FRAV,2026-02-17,1440.0,100.0,0.0,0.0,0
FRBA,2026-02-17,1440.0,100.0,0.0,0.0,0
FRBO,2026-02-17,1440.0,100.0,0.0,0.0,0
FRBR,2026-02-17,0.0,0.0,1440.0,100.0,0
FRCA,2026-02-17,1440.0,100.0,0.0,0.0,0
FRCD,2026-02-17,1436.0,99.72,4.0,0.28,1
FRCH,2026-02-17,1440.0,100.0,0.0,0.0,0
FRCP,2026-02-17,1440.0,100.0,0.0,0.0,0
FRCT,2026-02-17,1440.0,100.0,0.0,0.0,0
FRDM,2026-02-17,755.0,52.43,685.0,47.57,1
FRDO,2026-02-17,1437.0,99.79,3.0,0.21,1
FRDR,2026-02-17,1440.0,100.0,0.0,0.0,0
FRDY,2026-02-17,1440.0,100.0,0.0,0.0,0
FRDZ,2026-02-17,1440.0,100.0,0.0,0.0,0
FREB,2026-02-17,1440.0,100.0,0.0,0.0,0
FRGU,2026-02-17,1440.0,100.0,0.0,0.0,0
FRME,2026-02-17,1438.0,99.86,2.0,0.14,1
FRMS,2026-02-17,1440.0,100.0,0.0,0.0,0
FRMY,2026-02-17,1439.0,99.93,1.0,0.07,1
FRMZ,2026-02-17,1440.0,100.0,0.0,0.0,0
FRNE,2026-02-17,1440.0,100.0,0.0,0.0,0
FRNU,2026-02-17,1437.0,99.79,3.0,0.21,1
FRPA,2026-02-17,1440.0,100.0,0.0,0.0,0
FRPE,2026-02-17,1440.0,100.0,0.0,0.0,0
FRPL,2026-02-17,1434.0,99.58,6.0,0.42,2
FRSI,2026-02-17,1440.0,100.0,0.0,0.0,0
FRSL,2026-02-17,1440.0,100.0,0.0,0.0,0
FRSN,2026-02-17,1440.0,100.0,0.0,0.0,0
FRSU,2026-02-17,1440.0,100.0,0.0,0.0,0
FRSV,2026-02-17,1440.0,100.0,0.0,0.0,0
FRUN,2026-02-17,1440.0,100.0,0.0,0.0,0
FRVL,2026-02-17,1437.0,99.79,3.0,0.21,1
2ANG,2026-02-18,1425.0,98.96,15.0,1.04,2
2ANN,2026-02-18,1400.0,97.22,40.0,2.78,1
2AUC,2026-02-18,1440.0,100.0,0.0,0.0,0
2BAL,2026-02-18,1440.0,100.0,0.0,0.0,0
2BAS,2026-02-18,1435.0,99.65,5.0,0.35,1
2BIL,2026-02-18,1437.0,99.79,3.0,0.21,1
2CAS,2026-02-18,1440.0,100.0,0.0,0.0,0
2CHR,2026-02-18,1440.0,100.0,0.0,0.0,0
2CIU,2026-02-18,1434.0,99.58,6.0,0.42,2
2CLI,2026-02-18,1278.0,88.75,162.0,11.25,39
2CUM,2026-02-18,1430.0,99.31,10.0,0.69,3
2DUN,2026-02-18,1440.0,100.0,0.0,0.0,0
2FIG,2026-02-18,1414.0,98.19,26.0,1.81,1
2GAW,2026-02-18,1437.0,99.79,3.0,0.21,1
2IMP,2026-02-18,1432.0,99.44,8.0,0.56,1
2INV,2026-02-18,1440.0,100.0,0.0,0.0,0
2KIR,2026-02-18,1434.0,99.58,6.0,0.42,2
2LIA,2026-02-18,1440.0,100.0,0.0,0.0,0
2NER,2026-02-18,1440.0,100.0,0.0,0.0,0
2OBA,2026-02-18,1434.0,99.58,6.0,0.42,2
2PIM,2026-02-18,1440.0,100.0,0.0,0.0,0
2SAL,2026-02-18,1431.0,99.38,9.0,0.62,2
2TER,2026-02-18,1434.0,99.58,6.0,0.42,2
2UBE,2026-02-18,1383.0,96.04,57.0,3.96,3
2VIE,2026-02-18,1418.0,98.47,22.0,1.53,4
2WOR,2026-02-18,1440.0,100.0,0.0,0.0,0
FRAG,2026-02-18,1440.0,100.0,0.0,0.0,0
FRAV,2026-02-18,1440.0,100.0,0.0,0.0,0
FRBA,2026-02-18,1440.0,100.0,0.0,0.0,0
FRBO,2026-02-18,1440.0,100.0,0.0,0.0,0
FRBR,2026-02-18,0.0,0.0,1440.0,100.0,0
FRCA,2026-02-18,1440.0,100.0,0.0,0.0,0
FRCD,2026-02-18,1440.0,100.0,0.0,0.0,0
FRCH,2026-02-18,1440.0,100.0,0.0,0.0,0
FRCP,2026-02-18,1440.0,100.0,0.0,0.0,0
FRCT,2026-02-18,1440.0,100.0,0.0,0.0,0
FRDM,2026-02-18,0.0,0.0,1440.0,100.0,0
FRDO,2026-02-18,1440.0,100.0,0.0,0.0,0
FRDR,2026-02-18,1440.0,100.0,0.0,0.0,0
FRDY,2026-02-18,1440.0,100.0,0.0,0.0,0
FRDZ,2026-02-18,1440.0,100.0,0.0,0.0,0
FREB,2026-02-18,1440.0,100.0,0.0,0.0,0
FRGU,2026-02-18,1440.0,100.0,0.0,0.0,0
FRME,2026-02-18,1440.0,100.0,0.0,0.0,0
FRMS,2026-02-18,1440.0,100.0,0.0,0.0,0
FRMY,2026-02-18,1440.0,100.0,0.0,0.0,0
FRMZ,2026-02-18,1440.0,100.0,0.0,0.0,0
FRNE,2026-02-18,1440.0,100.0,0.0,0.0,0
FRNU,2026-02-18,1440.0,100.0,0.0,0.0,0
FRPA,2026-02-18,1440.0,100.0,0.0,0.0,0
FRPE,2026-02-18,1338.0,92.92,102.0,7.08,2
FRPL,2026-02-18,1437.0,99.79,3.0,0.21,1
FRSI,2026-02-18,1440.0,100.0,0.0,0.0,0
FRSL,2026-02-18,1440.0,100.0,0.0,0.0,0
FRSN,2026-02-18,1440.0,100.0,0.0,0.0,0
FRSU,2026-02-18,1386.0,96.25,54.0,3.75,1
FRSV,2026-02-18,1416.0,98.33,24.0,1.67,1
FRUN,2026-02-18,1440.0,100.0,0.0,0.0,0
FRVL,2026-02-18,1440.0,100.0,0.0,0.0,0
2ANG,2026-02-19,1440.0,100.0,0.0,0.0,0
2ANN,2026-02-19,1440.0,100.0,0.0,0.0,0
2AUC,2026-02-19,1434.0,99.58,6.0,0.42,2
2BAL,2026-02-19,1440.0,100.0,0.0,0.0,0
2BAS,2026-02-19,1434.0,99.58,6.0,0.42,2
2BIL,2026-02-19,1437.0,99.79,3.0,0.21,1
2CAS,2026-02-19,1440.0,100.0,0.0,0.0,0
2CHR,2026-02-19,1440.0,100.0,0.0,0.0,0
2CIU,2026-02-19,1440.0,100.0,0.0,0.0,0
2CLI,2026-02-19,1233.0,85.62,207.0,14.37,57
2CUM,2026-02-19,1437.0,99.79,3.0,0.21,1
2DUN,2026-02-19,1437.0,99.79,3.0,0.21,1
2FIG,2026-02-19,1440.0,100.0,0.0,0.0,0
2GAW,2026-02-19,1435.0,99.65,5.0,0.35,2
2IMP,2026-02-19,1355.0,94.1,85.0,5.9,3
2INV,2026-02-19,1437.0,99.79,3.0,0.21,1
2KIR,2026-02-19,1440.0,100.0,0.0,0.0,0
2LIA,2026-02-19,1440.0,100.0,0.0,0.0,0
2NER,2026-02-19,1434.0,99.58,6.0,0.42,2
2OBA,2026-02-19,1434.0,99.58,6.0,0.42,2
2PIM,2026-02-19,1440.0,100.0,0.0,0.0,0
2SAL,2026-02-19,1440.0,100.0,0.0,0.0,0
2TER,2026-02-19,1440.0,100.0,0.0,0.0,0
2UBE,2026-02-19,1428.0,99.17,12.0,0.83,1
2VIE,2026-02-19,1434.0,99.58,6.0,0.42,2
2WOR,2026-02-19,1440.0,100.0,0.0,0.0,0
FRAG,2026-02-19,1437.0,99.79,3.0,0.21,1
FRAV,2026-02-19,1440.0,100.0,0.0,0.0,0
FRBA,2026-02-19,1440.0,100.0,0.0,0.0,0
FRBO,2026-02-19,1440.0,100.0,0.0,0.0,0
FRBR,2026-02-19,0.0,0.0,1440.0,100.0,0
FRCA,2026-02-19,1440.0,100.0,0.0,0.0,0
FRCD,2026-02-19,1440.0,100.0,0.0,0.0,0
FRCH,2026-02-19,1440.0,100.0,0.0,0.0,0
FRCP,2026-02-19,1437.0,99.79,3.0,0.21,1
FRCT,2026-02-19,1416.0,98.33,24.0,1.67,2
FRDM,2026-02-19,0.0,0.0,1440.0,100.0,0
FRDO,2026-02-19,1440.0,100.0,0.0,0.0,0
FRDR,2026-02-19,1440.0,100.0,0.0,0.0,0
FRDY,2026-02-19,1440.0,100.0,0.0,0.0,0
FRDZ,2026-02-19,1440.0,100.0,0.0,0.0,0
FREB,2026-02-19,1440.0,100.0,0.0,0.0,0
FRGU,2026-02-19,1440.0,100.0,0.0,0.0,0
FRME,2026-02-19,1440.0,100.0,0.0,0.0,0
FRMS,2026-02-19,1440.0,100.0,0.0,0.0,0
FRMY,2026-02-19,1440.0,100.0,0.0,0.0,0
FRMZ,2026-02-19,1440.0,100.0,0.0,0.0,0
FRNE,2026-02-19,1440.0,100.0,0.0,0.0,0
FRNU,2026-02-19,1440.0,100.0,0.0,0.0,0
FRPA,2026-02-19,1440.0,100.0,0.0,0.0,0
FRPE,2026-02-19,1209.0,83.96,231.0,16.04,2
FRPL,2026-02-19,1437.0,99.79,3.0,0.21,1
FRSI,2026-02-19,1383.0,96.04,57.0,3.96,1
FRSL,2026-02-19,1439.0,99.93,1.0,0.07,1
FRSN,2026-02-19,1440.0,100.0,0.0,0.0,0
FRSU,2026-02-19,1431.0,99.38,9.0,0.62,8
FRSV,2026-02-19,1440.0,100.0,0.0,0.0,0
FRUN,2026-02-19,1440.0,100.0,0.0,0.0,0
FRVL,2026-02-19,1440.0,100.0,0.0,0.0,0
2ANG,2026-02-20,1437.0,99.79,3.0,0.21,1
2ANN,2026-02-20,1393.0,96.74,47.0,3.26,1
2AUC,2026-02-20,1440.0,100.0,0.0,0.0,0
2BAL,2026-02-20,1440.0,100.0,0.0,0.0,0
2BAS,2026-02-20,1432.0,99.44,8.0,0.56,4
2BIL,2026-02-20,1437.0,99.79,3.0,0.21,1
2CAS,2026-02-20,1440.0,100.0,0.0,0.0,0
2CHR,2026-02-20,1431.0,99.38,9.0,0.62,3
2CIU,2026-02-20,1432.0,99.44,8.0,0.56,3
2CLI,2026-02-20,1266.0,87.92,174.0,12.08,43
2CUM,2026-02-20,1439.0,99.93,1.0,0.07,1
2DUN,2026-02-20,1437.0,99.79,3.0,0.21,1
2FIG,2026-02-20,1418.0,98.47,22.0,1.53,1
2GAW,2026-02-20,1436.0,99.72,4.0,0.28,1
2IMP,2026-02-20,1418.0,98.47,22.0,1.53,1
2INV,2026-02-20,1440.0,100.0,0.0,0.0,0
2KIR,2026-02-20,1440.0,100.0,0.0,0.0,0
2LIA,2026-02-20,1440.0,100.0,0.0,0.0,0
2NER,2026-02-20,1437.0,99.79,3.0,0.21,1
2OBA,2026-02-20,1434.0,99.58,6.0,0.42,2
2PIM,2026-02-20,1437.0,99.79,3.0,0.21,1
2SAL,2026-02-20,1434.0,99.58,6.0,0.42,1
2TER,2026-02-20,1437.0,99.79,3.0,0.21,1
2UBE,2026-02-20,1383.0,96.04,57.0,3.96,3
2VIE,2026-02-20,1424.0,98.89,16.0,1.11,1
2WOR,2026-02-20,1440.0,100.0,0.0,0.0,0
FRAG,2026-02-20,1440.0,100.0,0.0,0.0,0
FRAV,2026-02-20,1440.0,100.0,0.0,0.0,0
FRBA,2026-02-20,1440.0,100.0,0.0,0.0,0
FRBO,2026-02-20,1440.0,100.0,0.0,0.0,0
FRBR,2026-02-20,0.0,0.0,1440.0,100.0,0
FRCA,2026-02-20,1440.0,100.0,0.0,0.0,0
FRCD,2026-02-20,1440.0,100.0,0.0,0.0,0
FRCH,2026-02-20,1398.0,97.08,42.0,2.92,2
FRCP,2026-02-20,1440.0,100.0,0.0,0.0,0
FRCT,2026-02-20,1359.0,94.38,81.0,5.62,2
FRDM,2026-02-20,0.0,0.0,1440.0,100.0,0
FRDO,2026-02-20,1440.0,100.0,0.0,0.0,0
FRDR,2026-02-20,1440.0,100.0,0.0,0.0,0
FRDY,2026-02-20,1440.0,100.0,0.0,0.0,0
FRDZ,2026-02-20,1440.0,100.0,0.0,0.0,0
FREB,2026-02-20,1438.0,99.86,2.0,0.14,1
FRGU,2026-02-20,1440.0,100.0,0.0,0.0,0
FRME,2026-02-20,1440.0,100.0,0.0,0.0,0
FRMS,2026-02-20,1440.0,100.0,0.0,0.0,0
FRMY,2026-02-20,1440.0,100.0,0.0,0.0,0
FRMZ,2026-02-20,1440.0,100.0,0.0,0.0,0
FRNE,2026-02-20,1440.0,100.0,0.0,0.0,0
FRNU,2026-02-20,1440.0,100.0,0.0,0.0,0
FRPA,2026-02-20,1440.0,100.0,0.0,0.0,0
FRPE,2026-02-20,1440.0,100.0,0.0,0.0,0
FRPL,2026-02-20,1437.0,99.79,3.0,0.21,1
FRSI,2026-02-20,1440.0,100.0,0.0,0.0,0
FRSL,2026-02-20,1203.0,83.54,237.0,16.46,1
FRSN,2026-02-20,1440.0,100.0,0.0,0.0,0
FRSU,2026-02-20,1432.0,99.44,8.0,0.56,6
FRSV,2026-02-20,1440.0,100.0,0.0,0.0,0
FRUN,2026-02-20,1440.0,100.0,0.0,0.0,0
FRVL,2026-02-20,1440.0,100.0,0.0,0.0,0
2ANG,2026-02-21,1440.0,100.0,0.0,0.0,0
2ANN,2026-02-21,1434.0,99.58,6.0,0.42,2
2AUC,2026-02-21,1440.0,100.0,0.0,0.0,0
2BAL,2026-02-21,1440.0,100.0,0.0,0.0,0
2BAS,2026-02-21,1440.0,100.0,0.0,0.0,0
2BIL,2026-02-21,1440.0,100.0,0.0,0.0,0
2CAS,2026-02-21,1428.0,99.17,12.0,0.83,4
2CHR,2026-02-21,1440.0,100.0,0.0,0.0,0
2CIU,2026-02-21,1437.0,99.79,3.0,0.21,1
2CLI,2026-02-21,1257.0,87.29,183.0,12.71,48
2CUM,2026-02-21,1437.0,99.79,3.0,0.21,1
2DUN,2026-02-21,1440.0,100.0,0.0,0.0,0
2FIG,2026-02-21,1434.0,99.58,6.0,0.42,2
2GAW,2026-02-21,1427.0,99.1,13.0,0.9,6
2IMP,2026-02-21,1440.0,100.0,0.0,0.0,0
2INV,2026-02-21,1440.0,100.0,0.0,0.0,0
2KIR,2026-02-21,1431.0,99.38,9.0,0.62,3
2LIA,2026-02-21,1437.0,99.79,3.0,0.21,1
2NER,2026-02-21,1434.0,99.58,6.0,0.42,2
2OBA,2026-02-21,1431.0,99.38,9.0,0.62,3
2PIM,2026-02-21,1440.0,100.0,0.0,0.0,0
2SAL,2026-02-21,1434.0,99.58,6.0,0.42,2
2TER,2026-02-21,1428.0,99.17,12.0,0.83,4
2UBE,2026-02-21,1415.0,98.26,25.0,1.74,2
2VIE,2026-02-21,1437.0,99.79,3.0,0.21,1
2WOR,2026-02-21,1428.0,99.17,12.0,0.83,3
FRAG,2026-02-21,1440.0,100.0,0.0,0.0,0
FRAV,2026-02-21,1440.0,100.0,0.0,0.0,0
FRBA,2026-02-21,1440.0,100.0,0.0,0.0,0
FRBO,2026-02-21,1440.0,100.0,0.0,0.0,0
FRBR,2026-02-21,0.0,0.0,1440.0,100.0,0
FRCA,2026-02-21,1440.0,100.0,0.0,0.0,0
FRCD,2026-02-21,1440.0,100.0,0.0,0.0,0
FRCH,2026-02-21,1440.0,100.0,0.0,0.0,0
FRCP,2026-02-21,1440.0,100.0,0.0,0.0,0
FRCT,2026-02-21,1440.0,100.0,0.0,0.0,0
FRDM,2026-02-21,0.0,0.0,1440.0,100.0,0
FRDO,2026-02-21,1440.0,100.0,0.0,0.0,0
FRDR,2026-02-21,1440.0,100.0,0.0,0.0,0
FRDY,2026-02-21,1440.0,100.0,0.0,0.0,0
FRDZ,2026-02-21,1440.0,100.0,0.0,0.0,0
FREB,2026-02-21,1440.0,100.0,0.0,0.0,0
FRGU,2026-02-21,1440.0,100.0,0.0,0.0,0
FRME,2026-02-21,1440.0,100.0,0.0,0.0,0
FRMS,2026-02-21,1440.0,100.0,0.0,0.0,0
FRMY,2026-02-21,1440.0,100.0,0.0,0.0,0
FRMZ,2026-02-21,1440.0,100.0,0.0,0.0,0
FRNE,2026-02-21,1440.0,100.0,0.0,0.0,0
FRNU,2026-02-21,1440.0,100.0,0.0,0.0,0
FRPA,2026-02-21,1440.0,100.0,0.0,0.0,0
FRPE,2026-02-21,1440.0,100.0,0.0,0.0,0
FRPL,2026-02-21,1002.0,69.58,438.0,30.42,1
FRSI,2026-02-21,1440.0,100.0,0.0,0.0,0
FRSL,2026-02-21,1440.0,100.0,0.0,0.0,0
FRSN,2026-02-21,1440.0,100.0,0.0,0.0,0
FRSU,2026-02-21,1423.0,98.82,17.0,1.18,14
FRSV,2026-02-21,1440.0,100.0,0.0,0.0,0
FRUN,2026-02-21,1440.0,100.0,0.0,0.0,0
FRVL,2026-02-21,1440.0,100.0,0.0,0.0,0
2ANG,2026-02-22,1440.0,100.0,0.0,0.0,0
2ANN,2026-02-22,1373.0,95.35,67.0,4.65,1
2AUC,2026-02-22,1434.0,99.58,6.0,0.42,2
2BAL,2026-02-22,1440.0,100.0,0.0,0.0,0
2BAS,2026-02-22,1378.0,95.69,62.0,4.31,1
2BIL,2026-02-22,1440.0,100.0,0.0,0.0,0
2CAS,2026-02-22,1440.0,100.0,0.0,0.0,0
2CHR,2026-02-22,1439.0,99.93,1.0,0.07,1
2CIU,2026-02-22,1405.0,97.57,35.0,2.43,1
2CLI,2026-02-22,1206.0,83.75,234.0,16.25,57
2CUM,2026-02-22,1383.0,96.04,57.0,3.96,2
2DUN,2026-02-22,1440.0,100.0,0.0,0.0,0
2FIG,2026-02-22,1395.0,96.88,45.0,3.12,1
2GAW,2026-02-22,1433.0,99.51,7.0,0.49,5
2IMP,2026-02-22,1378.0,95.69,62.0,4.31,2
2INV,2026-02-22,1440.0,100.0,0.0,0.0,0
2KIR,2026-02-22,1437.0,99.79,3.0,0.21,1
2LIA,2026-02-22,1440.0,100.0,0.0,0.0,0
2NER,2026-02-22,1440.0,100.0,0.0,0.0,0
2OBA,2026-02-22,1431.0,99.38,9.0,0.62,3
2PIM,2026-02-22,1440.0,100.0,0.0,0.0,0
2SAL,2026-02-22,1402.0,97.36,38.0,2.64,1
2TER,2026-02-22,1419.0,98.54,21.0,1.46,3
2UBE,2026-02-22,1341.0,93.12,99.0,6.88,3
2VIE,2026-02-22,1380.0,95.83,60.0,4.17,2
2WOR,2026-02-22,1419.0,98.54,21.0,1.46,6
FRAG,2026-02-22,1440.0,100.0,0.0,0.0,0
FRAV,2026-02-22,1440.0,100.0,0.0,0.0,0
FRBA,2026-02-22,1440.0,100.0,0.0,0.0,0
FRBO,2026-02-22,1440.0,100.0,0.0,0.0,0
FRBR,2026-02-22,0.0,0.0,1440.0,100.0,0
FRCA,2026-02-22,1440.0,100.0,0.0,0.0,0
FRCD,2026-02-22,1440.0,100.0,0.0,0.0,0
FRCH,2026-02-22,1440.0,100.0,0.0,0.0,0
FRCP,2026-02-22,1440.0,100.0,0.0,0.0,0
FRCT,2026-02-22,1440.0,100.0,0.0,0.0,0
FRDM,2026-02-22,0.0,0.0,1440.0,100.0,0
FRDO,2026-02-22,1440.0,100.0,0.0,0.0,0
FRDR,2026-02-22,1440.0,100.0,0.0,0.0,0
FRDY,2026-02-22,1440.0,100.0,0.0,0.0,0
FRDZ,2026-02-22,1440.0,100.0,0.0,0.0,0
FREB,2026-02-22,1440.0,100.0,0.0,0.0,0
FRGU,2026-02-22,1440.0,100.0,0.0,0.0,0
FRME,2026-02-22,1440.0,100.0,0.0,0.0,0
FRMS,2026-02-22,1440.0,100.0,0.0,0.0,0
FRMY,2026-02-22,1440.0,100.0,0.0,0.0,0
FRMZ,2026-02-22,1440.0,100.0,0.0,0.0,0
FRNE,2026-02-22,1440.0,100.0,0.0,0.0,0
FRNU,2026-02-22,1440.0,100.0,0.0,0.0,0
FRPA,2026-02-22,1440.0,100.0,0.0,0.0,0
FRPE,2026-02-22,1440.0,100.0,0.0,0.0,0
FRPL,2026-02-22,1437.0,99.79,3.0,0.21,1
FRSI,2026-02-22,1440.0,100.0,0.0,0.0,0
FRSL,2026-02-22,1440.0,100.0,0.0,0.0,0
FRSN,2026-02-22,1440.0,100.0,0.0,0.0,0
FRSU,2026-02-22,1422.0,98.75,18.0,1.25,18
FRSV,2026-02-22,1440.0,100.0,0.0,0.0,0
FRUN,2026-02-22,1440.0,100.0,0.0,0.0,0
FRVL,2026-02-22,1440.0,100.0,0.0,0.0,0
2ANG,2026-02-23,1440.0,100.0,0.0,0.0,0
2ANN,2026-02-23,1393.0,96.74,47.0,3.26,4
2AUC,2026-02-23,1431.0,99.38,9.0,0.62,3
2BAL,2026-02-23,1440.0,100.0,0.0,0.0,0
2BAS,2026-02-23,1404.0,97.5,36.0,2.5,1
2BIL,2026-02-23,1434.0,99.58,6.0,0.42,2
2CAS,2026-02-23,1437.0,99.79,3.0,0.21,1
2CHR,2026-02-23,1437.0,99.79,3.0,0.21,1
2CIU,2026-02-23,1397.0,97.01,43.0,2.99,1
2CLI,2026-02-23,1188.0,82.5,252.0,17.5,66
2CUM,2026-02-23,1378.0,95.69,62.0,4.31,2
2DUN,2026-02-23,1431.0,99.38,9.0,0.62,2
2FIG,2026-02-23,1387.0,96.32,53.0,3.68,4
2GAW,2026-02-23,1426.0,99.03,14.0,0.97,8
2IMP,2026-02-23,1440.0,100.0,0.0,0.0,0
2INV,2026-02-23,1436.0,99.72,4.0,0.28,1
2KIR,2026-02-23,1437.0,99.79,3.0,0.21,1
2LIA,2026-02-23,1440.0,100.0,0.0,0.0,0
2NER,2026-02-23,1428.0,99.17,12.0,0.83,4
2OBA,2026-02-23,1428.0,99.17,12.0,0.83,4
2PIM,2026-02-23,1431.0,99.38,9.0,0.62,2
2SAL,2026-02-23,1401.0,97.29,39.0,2.71,1
2TER,2026-02-23,1434.0,99.58,6.0,0.42,1
2UBE,2026-02-23,1374.0,95.42,66.0,4.58,2
2VIE,2026-02-23,1410.0,97.92,30.0,2.08,1
2WOR,2026-02-23,1431.0,99.38,9.0,0.62,2
FRAG,2026-02-23,1440.0,100.0,0.0,0.0,0
FRAV,2026-02-23,1440.0,100.0,0.0,0.0,0
FRBA,2026-02-23,1440.0,100.0,0.0,0.0,0
FRBO,2026-02-23,1440.0,100.0,0.0,0.0,0
FRBR,2026-02-23,0.0,0.0,1440.0,100.0,0
FRCA,2026-02-23,1440.0,100.0,0.0,0.0,0
FRCD,2026-02-23,1440.0,100.0,0.0,0.0,0
FRCH,2026-02-23,1440.0,100.0,0.0,0.0,0
FRCP,2026-02-23,1440.0,100.0,0.0,0.0,0
FRCT,2026-02-23,1440.0,100.0,0.0,0.0,0
FRDM,2026-02-23,0.0,0.0,1440.0,100.0,0
FRDO,2026-02-23,1437.0,99.79,3.0,0.21,1
FRDR,2026-02-23,1440.0,100.0,0.0,0.0,0
FRDY,2026-02-23,1440.0,100.0,0.0,0.0,0
FRDZ,2026-02-23,1440.0,100.0,0.0,0.0,0
FREB,2026-02-23,1440.0,100.0,0.0,0.0,0
FRGU,2026-02-23,1440.0,100.0,0.0,0.0,0
FRME,2026-02-23,1440.0,100.0,0.0,0.0,0
FRMS,2026-02-23,1440.0,100.0,0.0,0.0,0
FRMY,2026-02-23,1440.0,100.0,0.0,0.0,0
FRMZ,2026-02-23,1440.0,100.0,0.0,0.0,0
FRNE,2026-02-23,1440.0,100.0,0.0,0.0,0
FRNU,2026-02-23,1440.0,100.0,0.0,0.0,0
FRPA,2026-02-23,1440.0,100.0,0.0,0.0,0
FRPE,2026-02-23,1440.0,100.0,0.0,0.0,0
FRPL,2026-02-23,1437.0,99.79,3.0,0.21,1
FRSI,2026-02-23,1440.0,100.0,0.0,0.0,0
FRSL,2026-02-23,1440.0,100.0,0.0,0.0,0
FRSN,2026-02-23,1440.0,100.0,0.0,0.0,0
FRSU,2026-02-23,1440.0,100.0,0.0,0.0,0
FRSV,2026-02-23,1440.0,100.0,0.0,0.0,0
FRUN,2026-02-23,1440.0,100.0,0.0,0.0,0
FRVL,2026-02-23,1437.0,99.79,3.0,0.21,1
2ANG,2026-02-24,1434.0,99.58,6.0,0.42,1
2ANN,2026-02-24,1392.0,96.67,48.0,3.33,2
2AUC,2026-02-24,1440.0,100.0,0.0,0.0,0
2BAL,2026-02-24,1440.0,100.0,0.0,0.0,0
2BAS,2026-02-24,1382.0,95.97,58.0,4.03,4
2BIL,2026-02-24,1440.0,100.0,0.0,0.0,0
2CAS,2026-02-24,1437.0,99.79,3.0,0.21,1
2CHR,2026-02-24,1440.0,100.0,0.0,0.0,0
2CIU,2026-02-24,1410.0,97.92,30.0,2.08,2
2CLI,2026-02-24,1102.0,76.53,338.0,23.47,85
2CUM,2026-02-24,1400.0,97.22,40.0,2.78,3
2DUN,2026-02-24,1436.0,99.72,4.0,0.28,1
2FIG,2026-02-24,1390.0,96.53,50.0,3.47,1
2GAW,2026-02-24,1434.0,99.58,6.0,0.42,4
2IMP,2026-02-24,1411.0,97.99,29.0,2.01,3
2INV,2026-02-24,1437.0,99.79,3.0,0.21,1
2KIR,2026-02-24,1440.0,100.0,0.0,0.0,0
2LIA,2026-02-24,1440.0,100.0,0.0,0.0,0
2NER,2026-02-24,1431.0,99.38,9.0,0.62,3
2OBA,2026-02-24,1428.0,99.17,12.0,0.83,4
2PIM,2026-02-24,1440.0,100.0,0.0,0.0,0
2SAL,2026-02-24,1414.0,98.19,26.0,1.81,2
2TER,2026-02-24,1437.0,99.79,3.0,0.21,1
2UBE,2026-02-24,1407.0,97.71,33.0,2.29,2
2VIE,2026-02-24,1394.0,96.81,46.0,3.19,1
2WOR,2026-02-24,1437.0,99.79,3.0,0.21,1
FRAG,2026-02-24,1440.0,100.0,0.0,0.0,0
FRAV,2026-02-24,1440.0,100.0,0.0,0.0,0
FRBA,2026-02-24,1437.0,99.79,3.0,0.21,1
FRBO,2026-02-24,1431.0,99.38,9.0,0.62,1
FRBR,2026-02-24,0.0,0.0,1440.0,100.0,0
FRCA,2026-02-24,1440.0,100.0,0.0,0.0,0
FRCD,2026-02-24,1440.0,100.0,0.0,0.0,0
FRCH,2026-02-24,1440.0,100.0,0.0,0.0,0
FRCP,2026-02-24,1437.0,99.79,3.0,0.21,1
FRCT,2026-02-24,1440.0,100.0,0.0,0.0,0
FRDM,2026-02-24,0.0,0.0,1440.0,100.0,0
FRDO,2026-02-24,1440.0,100.0,0.0,0.0,0
FRDR,2026-02-24,1440.0,100.0,0.0,0.0,0
FRDY,2026-02-24,1437.0,99.79,3.0,0.21,1
FRDZ,2026-02-24,1440.0,100.0,0.0,0.0,0
FREB,2026-02-24,1440.0,100.0,0.0,0.0,0
FRGU,2026-02-24,1440.0,100.0,0.0,0.0,0
FRME,2026-02-24,1440.0,100.0,0.0,0.0,0
FRMS,2026-02-24,1440.0,100.0,0.0,0.0,0
FRMY,2026-02-24,1440.0,100.0,0.0,0.0,0
FRMZ,2026-02-24,1440.0,100.0,0.0,0.0,0
FRNE,2026-02-24,1440.0,100.0,0.0,0.0,0
FRNU,2026-02-24,1431.0,99.38,9.0,0.62,1
FRPA,2026-02-24,1440.0,100.0,0.0,0.0,0
FRPE,2026-02-24,1425.0,98.96,15.0,1.04,1
FRPL,2026-02-24,1431.0,99.38,9.0,0.62,3
FRSI,2026-02-24,1440.0,100.0,0.0,0.0,0
FRSL,2026-02-24,1440.0,100.0,0.0,0.0,0
FRSN,2026-02-24,1440.0,100.0,0.0,0.0,0
FRSU,2026-02-24,1439.0,99.93,1.0,0.07,1
FRSV,2026-02-24,1440.0,100.0,0.0,0.0,0
FRUN,2026-02-24,1440.0,100.0,0.0,0.0,0
FRVL,2026-02-24,1434.0,99.58,6.0,0.42,2
2ANG,2026-02-25,1440.0,100.0,0.0,0.0,0
2ANN,2026-02-25,1420.0,98.61,20.0,1.39,1
2AUC,2026-02-25,1437.0,99.79,3.0,0.21,1
2BAL,2026-02-25,1440.0,100.0,0.0,0.0,0
2BAS,2026-02-25,1423.0,98.82,17.0,1.18,2
2BIL,2026-02-25,1434.0,99.58,6.0,0.42,1
2CAS,2026-02-25,1440.0,100.0,0.0,0.0,0
2CHR,2026-02-25,1440.0,100.0,0.0,0.0,0
2CIU,2026-02-25,1401.0,97.29,39.0,2.71,3
2CLI,2026-02-25,1209.0,83.96,231.0,16.04,61
2CUM,2026-02-25,1394.0,96.81,46.0,3.19,1
2DUN,2026-02-25,1440.0,100.0,0.0,0.0,0
2FIG,2026-02-25,1418.0,98.47,22.0,1.53,1
2GAW,2026-02-25,1433.0,99.51,7.0,0.49,2
2IMP,2026-02-25,1431.0,99.38,9.0,0.62,1
2INV,2026-02-25,1440.0,100.0,0.0,0.0,0
2KIR,2026-02-25,1440.0,100.0,0.0,0.0,0
2LIA,2026-02-25,1440.0,100.0,0.0,0.0,0
2NER,2026-02-25,1440.0,100.0,0.0,0.0,0
2OBA,2026-02-25,1431.0,99.38,9.0,0.62,3
2PIM,2026-02-25,1440.0,100.0,0.0,0.0,0
2SAL,2026-02-25,1401.0,97.29,39.0,2.71,2
2TER,2026-02-25,1440.0,100.0,0.0,0.0,0
2UBE,2026-02-25,1378.0,95.69,62.0,4.31,3
2VIE,2026-02-25,1437.0,99.79,3.0,0.21,1
2WOR,2026-02-25,1440.0,100.0,0.0,0.0,0
FRAG,2026-02-25,1440.0,100.0,0.0,0.0,0
FRAV,2026-02-25,1440.0,100.0,0.0,0.0,0
FRBA,2026-02-25,1428.0,99.17,12.0,0.83,1
FRBO,2026-02-25,1440.0,100.0,0.0,0.0,0
FRBR,2026-02-25,0.0,0.0,1440.0,100.0,0
FRCA,2026-02-25,1416.0,98.33,24.0,1.67,4
FRCD,2026-02-25,1437.0,99.79,3.0,0.21,1
FRCH,2026-02-25,1434.0,99.58,6.0,0.42,1
FRCP,2026-02-25,1440.0,100.0,0.0,0.0,0
FRCT,2026-02-25,1440.0,100.0,0.0,0.0,0
FRDM,2026-02-25,0.0,0.0,1440.0,100.0,0
FRDO,2026-02-25,1440.0,100.0,0.0,0.0,0
FRDR,2026-02-25,1440.0,100.0,0.0,0.0,0
FRDY,2026-02-25,1440.0,100.0,0.0,0.0,0
FRDZ,2026-02-25,1440.0,100.0,0.0,0.0,0
FREB,2026-02-25,1440.0,100.0,0.0,0.0,0
FRGU,2026-02-25,1440.0,100.0,0.0,0.0,0
FRME,2026-02-25,1437.0,99.79,3.0,0.21,1
FRMS,2026-02-25,1440.0,100.0,0.0,0.0,0
FRMY,2026-02-25,1440.0,100.0,0.0,0.0,0
FRMZ,2026-02-25,1440.0,100.0,0.0,0.0,0
FRNE,2026-02-25,1440.0,100.0,0.0,0.0,0
FRNU,2026-02-25,1440.0,100.0,0.0,0.0,0
FRPA,2026-02-25,1440.0,100.0,0.0,0.0,0
FRPE,2026-02-25,1440.0,100.0,0.0,0.0,0
FRPL,2026-02-25,1431.0,99.38,9.0,0.62,3
FRSI,2026-02-25,1439.0,99.93,1.0,0.07,1
FRSL,2026-02-25,1440.0,100.0,0.0,0.0,0
FRSN,2026-02-25,1440.0,100.0,0.0,0.0,0
FRSU,2026-02-25,1437.0,99.79,3.0,0.21,3
FRSV,2026-02-25,1440.0,100.0,0.0,0.0,0
FRUN,2026-02-25,1440.0,100.0,0.0,0.0,0
FRVL,2026-02-25,1440.0,100.0,0.0,0.0,0
2ANG,2026-02-26,1440.0,100.0,0.0,0.0,0
2ANN,2026-02-26,1427.0,99.1,13.0,0.9,1
2AUC,2026-02-26,1437.0,99.79,3.0,0.21,1
2BAL,2026-02-26,1440.0,100.0,0.0,0.0,0
2BAS,2026-02-26,1410.0,97.92,30.0,2.08,1
2BIL,2026-02-26,1436.0,99.72,4.0,0.28,1
2CAS,2026-02-26,1437.0,99.79,3.0,0.21,1
2CHR,2026-02-26,1440.0,100.0,0.0,0.0,0
2CIU,2026-02-26,1421.0,98.68,19.0,1.32,2
2CLI,2026-02-26,1353.0,93.96,87.0,6.04,22
2CUM,2026-02-26,1414.0,98.19,26.0,1.81,1
2DUN,2026-02-26,1440.0,100.0,0.0,0.0,0
2FIG,2026-02-26,1434.0,99.58,6.0,0.42,1
2GAW,2026-02-26,1440.0,100.0,0.0,0.0,0
2IMP,2026-02-26,1440.0,100.0,0.0,0.0,0
2INV,2026-02-26,1437.0,99.79,3.0,0.21,1
2KIR,2026-02-26,1437.0,99.79,3.0,0.21,1
2LIA,2026-02-26,1440.0,100.0,0.0,0.0,0
2NER,2026-02-26,1437.0,99.79,3.0,0.21,1
2OBA,2026-02-26,1428.0,99.17,12.0,0.83,4
2PIM,2026-02-26,1440.0,100.0,0.0,0.0,0
2SAL,2026-02-26,1417.0,98.4,23.0,1.6,2
2TER,2026-02-26,1434.0,99.58,6.0,0.42,2
2UBE,2026-02-26,1404.0,97.5,36.0,2.5,1
2VIE,2026-02-26,1430.0,99.31,10.0,0.69,2
2WOR,2026-02-26,1437.0,99.79,3.0,0.21,1
FRAG,2026-02-26,1440.0,100.0,0.0,0.0,0
FRAV,2026-02-26,1440.0,100.0,0.0,0.0,0
FRBA,2026-02-26,1437.0,99.79,3.0,0.21,1
FRBO,2026-02-26,1440.0,100.0,0.0,0.0,0
FRBR,2026-02-26,0.0,0.0,1440.0,100.0,0
FRCA,2026-02-26,1440.0,100.0,0.0,0.0,0
FRCD,2026-02-26,1440.0,100.0,0.0,0.0,0
FRCH,2026-02-26,1440.0,100.0,0.0,0.0,0
FRCP,2026-02-26,1440.0,100.0,0.0,0.0,0
FRCT,2026-02-26,1440.0,100.0,0.0,0.0,0
FRDM,2026-02-26,0.0,0.0,1440.0,100.0,0
FRDO,2026-02-26,1440.0,100.0,0.0,0.0,0
FRDR,2026-02-26,1437.0,99.79,3.0,0.21,1
FRDY,2026-02-26,1440.0,100.0,0.0,0.0,0
FRDZ,2026-02-26,1440.0,100.0,0.0,0.0,0
FREB,2026-02-26,1440.0,100.0,0.0,0.0,0
FRGU,2026-02-26,1440.0,100.0,0.0,0.0,0
FRME,2026-02-26,1440.0,100.0,0.0,0.0,0
FRMS,2026-02-26,1440.0,100.0,0.0,0.0,0
FRMY,2026-02-26,1439.0,99.93,1.0,0.07,1
FRMZ,2026-02-26,1440.0,100.0,0.0,0.0,0
FRNE,2026-02-26,1440.0,100.0,0.0,0.0,0
FRNU,2026-02-26,1440.0,100.0,0.0,0.0,0
FRPA,2026-02-26,1440.0,100.0,0.0,0.0,0
FRPE,2026-02-26,1440.0,100.0,0.0,0.0,0
FRPL,2026-02-26,1437.0,99.79,3.0,0.21,1
FRSI,2026-02-26,1440.0,100.0,0.0,0.0,0
FRSL,2026-02-26,1437.0,99.79,3.0,0.21,1
FRSN,2026-02-26,1440.0,100.0,0.0,0.0,0
FRSU,2026-02-26,1434.0,99.58,6.0,0.42,6
FRSV,2026-02-26,1440.0,100.0,0.0,0.0,0
FRUN,2026-02-26,1440.0,100.0,0.0,0.0,0
FRVL,2026-02-26,1440.0,100.0,0.0,0.0,0
2ANG,2026-02-27,1440.0,100.0,0.0,0.0,0
2ANN,2026-02-27,1437.0,99.79,3.0,0.21,1
2AUC,2026-02-27,1440.0,100.0,0.0,0.0,0
2BAL,2026-02-27,1440.0,100.0,0.0,0.0,0
2BAS,2026-02-27,1437.0,99.79,3.0,0.21,1
2BIL,2026-02-27,1440.0,100.0,0.0,0.0,0
2CAS,2026-02-27,1440.0,100.0,0.0,0.0,0
2CHR,2026-02-27,1437.0,99.79,3.0,0.21,1
2CIU,2026-02-27,1414.0,98.19,26.0,1.81,2
2CLI,2026-02-27,1431.0,99.38,9.0,0.62,3
2CUM,2026-02-27,1417.0,98.4,23.0,1.6,1
2DUN,2026-02-27,1440.0,100.0,0.0,0.0,0
2FIG,2026-02-27,1437.0,99.79,3.0,0.21,1
2GAW,2026-02-27,1434.0,99.58,6.0,0.42,1
2IMP,2026-02-27,1440.0,100.0,0.0,0.0,0
2INV,2026-02-27,1434.0,99.58,6.0,0.42,2
2KIR,2026-02-27,1434.0,99.58,6.0,0.42,2
2LIA,2026-02-27,1435.0,99.65,5.0,0.35,2
2NER,2026-02-27,1434.0,99.58,6.0,0.42,2
2OBA,2026-02-27,1437.0,99.79,3.0,0.21,1
2PIM,2026-02-27,1440.0,100.0,0.0,0.0,0
2SAL,2026-02-27,1411.0,97.99,29.0,2.01,3
2TER,2026-02-27,1437.0,99.79,3.0,0.21,1
2UBE,2026-02-27,1394.0,96.81,46.0,3.19,2
2VIE,2026-02-27,1440.0,100.0,0.0,0.0,0
2WOR,2026-02-27,1424.0,98.89,16.0,1.11,5
FRAG,2026-02-27,1440.0,100.0,0.0,0.0,0
FRAV,2026-02-27,1440.0,100.0,0.0,0.0,0
FRBA,2026-02-27,1440.0,100.0,0.0,0.0,0
FRBO,2026-02-27,1440.0,100.0,0.0,0.0,0
FRBR,2026-02-27,0.0,0.0,1440.0,100.0,0
FRCA,2026-02-27,1440.0,100.0,0.0,0.0,0
FRCD,2026-02-27,1440.0,100.0,0.0,0.0,0
FRCH,2026-02-27,1440.0,100.0,0.0,0.0,0
FRCP,2026-02-27,1440.0,100.0,0.0,0.0,0
FRCT,2026-02-27,1440.0,100.0,0.0,0.0,0
FRDM,2026-02-27,0.0,0.0,1440.0,100.0,0
FRDO,2026-02-27,1440.0,100.0,0.0,0.0,0
FRDR,2026-02-27,1440.0,100.0,0.0,0.0,0
FRDY,2026-02-27,1440.0,100.0,0.0,0.0,0
FRDZ,2026-02-27,1440.0,100.0,0.0,0.0,0
FREB,2026-02-27,1440.0,100.0,0.0,0.0,0
FRGU,2026-02-27,1440.0,100.0,0.0,0.0,0
FRME,2026-02-27,1440.0,100.0,0.0,0.0,0
FRMS,2026-02-27,1440.0,100.0,0.0,0.0,0
FRMY,2026-02-27,1439.0,99.93,1.0,0.07,1
FRMZ,2026-02-27,1440.0,100.0,0.0,0.0,0
FRNE,2026-02-27,1440.0,100.0,0.0,0.0,0
FRNU,2026-02-27,1440.0,100.0,0.0,0.0,0
FRPA,2026-02-27,1440.0,100.0,0.0,0.0,0
FRPE,2026-02-27,1440.0,100.0,0.0,0.0,0
FRPL,2026-02-27,1437.0,99.79,3.0,0.21,1
FRSI,2026-02-27,1440.0,100.0,0.0,0.0,0
FRSL,2026-02-27,1292.0,89.72,148.0,10.28,1
FRSN,2026-02-27,1440.0,100.0,0.0,0.0,0
FRSU,2026-02-27,1421.0,98.68,19.0,1.32,16
FRSV,2026-02-27,1440.0,100.0,0.0,0.0,0
FRUN,2026-02-27,1440.0,100.0,0.0,0.0,0
FRVL,2026-02-27,1437.0,99.79,3.0,0.21,1
2ANG,2026-02-28,517.0,98.29,9.0,1.71,2
2ANN,2026-02-28,526.0,100.0,0.0,0.0,0
2AUC,2026-02-28,526.0,100.0,0.0,0.0,0
2BAL,2026-02-28,526.0,100.0,0.0,0.0,0
2BAS,2026-02-28,526.0,100.0,0.0,0.0,0
2BIL,2026-02-28,526.0,100.0,0.0,0.0,0
2CAS,2026-02-28,526.0,100.0,0.0,0.0,0
2CHR,2026-02-28,526.0,100.0,0.0,0.0,0
2CIU,2026-02-28,526.0,100.0,0.0,0.0,0
2CLI,2026-02-28,526.0,100.0,0.0,0.0,0
2CUM,2026-02-28,523.0,99.43,3.0,0.57,1
2DUN,2026-02-28,526.0,100.0,0.0,0.0,0
2FIG,2026-02-28,526.0,100.0,0.0,0.0,0
2GAW,2026-02-28,526.0,100.0,0.0,0.0,0
2IMP,2026-02-28,523.0,99.43,3.0,0.57,1
2INV,2026-02-28,526.0,100.0,0.0,0.0,0
2KIR,2026-02-28,526.0,100.0,0.0,0.0,0
2LIA,2026-02-28,526.0,100.0,0.0,0.0,0
2NER,2026-02-28,526.0,100.0,0.0,0.0,0
2OBA,2026-02-28,519.0,98.67,7.0,1.33,2
2PIM,2026-02-28,526.0,100.0,0.0,0.0,0
2SAL,2026-02-28,526.0,100.0,0.0,0.0,0
2TER,2026-02-28,523.0,99.43,3.0,0.57,1
2UBE,2026-02-28,526.0,100.0,0.0,0.0,0
2VIE,2026-02-28,526.0,100.0,0.0,0.0,0
2WOR,2026-02-28,502.0,95.44,24.0,4.56,2
FRAG,2026-02-28,526.0,100.0,0.0,0.0,0
FRAV,2026-02-28,526.0,100.0,0.0,0.0,0
FRBA,2026-02-28,526.0,100.0,0.0,0.0,0
FRBO,2026-02-28,526.0,100.0,0.0,0.0,0
FRBR,2026-02-28,0.0,0.0,526.0,100.0,0
FRCA,2026-02-28,526.0,100.0,0.0,0.0,0
FRCD,2026-02-28,526.0,100.0,0.0,0.0,0
FRCH,2026-02-28,526.0,100.0,0.0,0.0,0
FRCP,2026-02-28,526.0,100.0,0.0,0.0,0
FRCT,2026-02-28,526.0,100.0,0.0,0.0,0
FRDM,2026-02-28,0.0,0.0,526.0,100.0,0
FRDO,2026-02-28,526.0,100.0,0.0,0.0,0
FRDR,2026-02-28,526.0,100.0,0.0,0.0,0
FRDY,2026-02-28,526.0,100.0,0.0,0.0,0
FRDZ,2026-02-28,526.0,100.0,0.0,0.0,0
FREB,2026-02-28,526.0,100.0,0.0,0.0,0
FRGU,2026-02-28,526.0,100.0,0.0,0.0,0
FRME,2026-02-28,526.0,100.0,0.0,0.0,0
FRMS,2026-02-28,526.0,100.0,0.0,0.0,0
FRMY,2026-02-28,526.0,100.0,0.0,0.0,0
FRMZ,2026-02-28,526.0,100.0,0.0,0.0,0
FRNE,2026-02-28,526.0,100.0,0.0,0.0,0
FRNU,2026-02-28,526.0,100.0,0.0,0.0,0
FRPA,2026-02-28,526.0,100.0,0.0,0.0,0
FRPE,2026-02-28,526.0,100.0,0.0,0.0,0
FRPL,2026-02-28,523.0,99.43,3.0,0.57,1
FRSI,2026-02-28,526.0,100.0,0.0,0.0,0
FRSL,2026-02-28,526.0,100.0,0.0,0.0,0
FRSN,2026-02-28,526.0,100.0,0.0,0.0,0
FRSU,2026-02-28,524.0,99.62,2.0,0.38,2
FRSV,2026-02-28,30.0,5.7,496.0,94.3,1
FRUN,2026-02-28,526.0,100.0,0.0,0.0,0
FRVL,2026-02-28,526.0,100.0,0.0,0.0,0
